measurement	energy
unit	measurement
properties of objects	matter
temp	properties of objects
functions	life
features and functions	functions
cellbio	features and functions
struct	cellbio
vacuole	struct
human impacts	earth
res	human impacts
renewable	res
geo	earth
rock	geo
ident	rock
cycle	life
plant span	cycle
inference	science
hyp	inference
properties of material	matter
density	properties of material
inner	earth
platevolcanoe	inner
properties of material	matter
reflect	properties of material
health	life
diesease	health
elec	energy
electromagnets	elec
geo	earth
formations	geo
earth	formations
weather	earth
erosion	weather
erosion	erosion
balanced	for
change of statemology	celestial
cycle	life
animal cycle	cycle
amphib	animal cycle
environment and adaptation	life
animal adaptations	environment and adaptation
struct	animal adaptations
camo	struct
properties of material	matter
class	properties of material
functions	life
features and functions	functions
plant	features and functions
reproduction	plant
functions	life
features and functions	functions
animal	features and functions
locomotion	animal
functions	life
features and functions	functions
cellbio	features and functions
org	cellbio
tissues	org
forces and friction and objects	work
interdependency	life
succession	interdependency
therm	energy
heatcoolprob	therm
properties of material	matter
solubility	properties of material
properties of objects	matter
vol	properties of objects
interdependency	life
foodchain	interdependency
plant producers	foodchain
light	energy
electromagnetic spectrum	light
weather	earth
water cycle	weather
prec	water cycle
geo	earth
fossils	geo
rocktypes	fossils
sound	energy
doppler	sound
functions	life
features and functions	functions
animal	features and functions
nervous system 	animal
apparentmotion celestial	celestial
cycles	apparentmotion celestial
timemotion	celestial
forms	energy
light	forms
forces and objects	work
mixtures	matter
sepcompounds	mixtures
functions	life
features and functions	functions
cellbio	features and functions
unimulticell	cellbio
geo	earth
formations	geo
earth	formations
inner	earth
generic plate	inner
geo	earth
rock	geo
change	rock
motprob	for
cycle	life
animal cycle	cycle
insect	animal cycle
hist	other
invent	hist
functions	life
features and functions	functions
plant	features and functions
vascular	plant
chemistry	matter
periodic table	chemistry
light	energy
genericprop	light
weather	earth
human impacts	earth
res	human impacts
natgas	res
functions	life
features and functions	functions
cellbio	features and functions
struct	cellbio
endoret	struct
potentialkinetic	energy
light	energy
absorption	light
hist	other
cycle	life
animal cycle	cycle
mammal	animal cycle
environment and adaptation	life
animal adaptations	environment and adaptation
struct	animal adaptations
hunting	struct
health	life
diesease	health
prevention	diesease
sound	energy
generate	sound
environment and adaptation	life
natsel	environment and adaptation
properties of material	matter
mag	properties of material
thermal conductivity	energy
convect	thermal conductivity
functions	life
features and functions	functions
cellbio	features and functions
proteins	cellbio
functions	life
features and functions	functions
cellbio	features and functions
struct	cellbio
cytoplcytoskel	struct
weather	earth
def	weather
measurement	matter
unit	measurement
temp	unit
weather	earth
water cycle	weather
prec	water cycle
earth	prec
weather	earth
water cycle	weather
evapcond	water cycle
geo	earth
rock	geo
inge	rock
graph	science
engineering	other
human impacts	earth
res	human impacts
oil	res
environment and adaptation	life
animal adaptations	environment and adaptation
behav	animal adaptations
nestbldg	behav
functions	life
features and functions	functions
animal	features and functions
excret	animal
inference	science
questioning	inference
change of state	matter
evaporation	change of state
light	energy
reflect	light
health	life
diesease	health
infect	diesease
features	celestial
other	features
functions	life
environmental response	functions
plant	environmental response
properties of material	matter
col	properties of material
geo	earth
formations	geo
environment and adaptation	life
comp	environment and adaptation
mixtures	matter
compounds	mixtures
inner	earth
plate	inner
human impacts	earth
what	human impacts
air pollution	what
environment and adaptation	life
animal adaptations	environment and adaptation
behav	animal adaptations
elec	energy
circuits	elec
inference	science
geo	earth
formations	geo
earth	formations
weather	earth
erosion	weather
waves	energy
types of motion	waves
sound	energy
speed	sound
environment and adaptation	life
adap	environment and adaptation
geo	earth
fossils	geo
loc	fossils
distances	celestial
newton	for
3rd	newton
mixtures	matter
human impacts	earth
what	human impacts
pollution	what
water	pollution
thermal conductivity	energy
radiation	thermal conductivity
inference	science
exprun	inference
measurement	matter
unit	measurement
mass	unit
functions	life
features and functions	functions
animal	features and functions
endocrine	animal
functions	life
features and functions	functions
plant	features and functions
root	plant
functions	life
features and functions	functions
animal	features and functions
digest	animal
features	celestial
comet	features
spaceex	celestial
vehicle	spaceex
cycles	celestial
functions	life
environmental conditions	functions
plant	environmental conditions
mech	for
simplemachines	mech
features	celestial
solarsystems	features
newton	force
first	newton
inference	science
formlaws	inference
functions	life
features and functions	functions
cellbio	features and functions
meiosis	cellbio
forms	energy
chem	forms
functions	life
features and functions	functions
cellbio	features and functions
celltheory	cellbio
chemistry	matter
conservation of mass of mass	chemistry
equip	saf
human impacts	earth
what	human impacts
pollution	what
soil	pollution
functions	life
features and functions	functions
plant	features and functions
weather	earth
measurement	weather
precipitation	measurement
functions	life
features and functions	functions
cellbio	features and functions
mitosis	cellbio
weather	earth
airmass	weather
properties of material	matter
flammable	properties of material
elec	energy
ohmslaw	elec
weather	earth
water cycle	weather
evapcond	water cycle
geo	earth
formations	geo
earth	formations
weather	earth
erosion	weather
deposition	erosion
interdependency	life
abiotic	interdependency
health	life
diesease	health
noninfect	diesease
genetic	noninfect
inner	earth
earthquakes	inner
human impacts	earth
res	human impacts
nuclear	res
environment and adaptation	life
animal adaptations	environment and adaptation
behav	animal adaptations
hunt	behav
human impacts	earth
res	human impacts
mining	res
chem	matter
chemreact	chem
functions	life
funct	functions
animaless	funct
functions	life
features and functions	functions
cellbio	features and functions
plantcell	cellbio
properties of material	matter
eleccond	properties of material
geo	earth
fossils	geo
index	fossils
functions	life
features and functions	functions
plant	features and functions
stem	plant
interdependency	life
foodchain	interdependency
sun	foodchain
fund	matter
airresistance	for
outer	earth
lith	outer
properties of material	matter
thermcond	properties of material
elec	energy
circuits	elec
energy	circuits
devices	energy
mech	for
general	mech
lunar phases	celestial
weather	earth
water cycle	weather
change of state	matter
condensing	change of state
inference	science
experiment design	inference
geo	earth
formations	geo
earth	formations
inner	earth
platevolcanoe	inner
elec	energy
electromagnets	elec
energy	electromagnets
devices	energy
features	celestial
galactic	features
waves	energy
genericprop	waves
functions	life
features and functions	functions
cellbio	features and functions
struct	cellbio
lyso	struct
weather	earth
water cycle	weather
sun	water cycle
earth	sun
weather	earth
water cycle	weather
evapcond	water cycle
human impacts	earth
what	human impacts
globalwarming	what
interdependency	life
interdependency	life
foodchain	interdependency
decomposer	foodchain
chemistry	matter
conservation of mass	chemistry
brightness	celestial
weather	earth
wind	weather
human impacts	earth
what	human impacts
recy	what
functions	life
features and functions	functions
cellbio	features and functions
struct	cellbio
mito	struct
energy	energy conversion
devices	energy
forces and friction	work
inference	science
inference	inference
functions	life
funct	functions
functions	life
features and functions	functions
cellbio	features and functions
struct	cellbio
chromosome	struct
properties of material	matter
transparent	properties of material
properties of material	matter
taste	properties of material
functions	life
features and functions	functions
animal	features and functions
skinintergum	animal
functions	life
features and functions	functions
cellbio	features and functions
org	cellbio
power	for
forms	energy
mech	forms
device	other
properties of material	matter
inner	earth
internal heat	inner
states	matter
solid	states
functions	life
environmental conditions	functions
animal	environmental conditions
human impacts	earth
what	human impacts
habitat destruction	what
conservation	energy
functions	life
features and functions	functions
animal	features and functions
reproduction	animal
weather	earth
water cycle	weather
sun	water cycle
interdependency	life
foodchain	interdependency
def	foodchain
reproduction	life
dna inheritance	reproduction
inheritance	dna inheritance
light	energy
speed	light
change of state	matter
melting	change of state
features	celestial
moons	features
weather	earth
erosion	weather
erosion	erosion
mixtures	matter
sephetero	mixtures
inference	science
verification	inference
devices	energy
newton	for
2nd	newton
functions	life
features and functions	functions
plant	features and functions
photosynth	plant
pressure	for
weather	earth
water cycle	weather
groundwater	water cycle
functions	life
features and functions	functions
animal	features and functions
circulatory	animal
eclipse	celestial
functions	life
features and functions	functions
cellbio	features and functions
struct	cellbio
ribosomes	struct
functions	life
features and functions	functions
cellbio	features and functions
enveff	matter
light	enveff
weather	earth
geoeff	weather
forms	energy
sound	forms
human impacts	earth
what	human impacts
pollution	what
interdependence	life
ecological features	interdependence
sizes	celestial
elec	energy
generate	elec
energy	generate
devices	energy
light	energy
scattering	light
reproduction	life
dna inheritance	reproduction
domrecess	dna inheritance
functions	life
features and functions	functions
cellbio	features and functions
reprodother	cellbio
properties of material	matter
hard	properties of material
change of state	matter
boiling	change of state
chemistry	matter
acids and bases	chemistry
weather	earth
erosion	weather
changes	matter
physical	changes
weather	earth
erosion	weather
deposition	erosion
magnetism	forces
soil	earth
ecosystem	soil
properties of objects	matter
shape	properties of objects
functions	life
environmental response	functions
animal	environmental response
inner	earth
generic plate	inner
measurement	matter
instruments	measurement
clock	instruments
properties of objects	matter
size	properties of objects
functions	life
features and functions	functions
cellbio	features and functions
struct	cellbio
cellmemb	struct
properties of objects	matter
mass	properties of objects
measurement	matter
unit	measurement
time	unit
properties of material	matter
flex	properties of material
changes	matter
chemical	changes
mixtures	matter
alloys	mixtures
inference	science
observation	inference
lift	force
functions	life
features and functions	functions
animal	features and functions
nervous system	animal
properties of material	matter
bouy	properties of material
sound	energy
freqwl	sound
cycle	life
growth	cycle
proc	growth
chemistry	matter
atomic	chemistry
geo	earth
fossils	geo
species	fossils
functions	life
features and functions	functions
animal	features and functions
breathing	animal
measurement	matter
unit	measurement
ph	unit
environment and adaptation	life
animal adaptations	environment and adaptation
struct	animal adaptations
fur	struct
environment and adaptation	life
adap	environment and adaptation
plant	adap
weather	earth
baropressure	weather
mixtures	matter
heterogeneous	mixtures
features	celestial
nebulae	features
environment and adaptation	life
animal adaptations	environment and adaptation
struct	animal adaptations
fat	struct
inner	earth
cmc	inner
crust	cmc
environment and adaptation	life
animal adaptations	environment and adaptation
behav	animal adaptations
comm	behav
features	celestial
stellar	features
interaction	enery
functions	life
features and functions	functions
cellbio	features and functions
struct	cellbio
chloroplast	struct
environment and adaptation	life
animal adaptations	environment and adaptation
behaviours	animal adaptations
hibernation	behaviours
nitrogen cyclele	life
states	matter
gas	states
measurement	matter
unit	measurement
dist	unit
inference	science
whattesting	inference
light	energy
colincol	light
weather	earth
meas	weather
weather	earth
climate	weather
measurement	matter
instruments	measurement
balance	instruments
health	life
goodhabits	health
gravitational pull	celestial
soil	earth
components	soil
outer	earth
hydro	outer
functions	life
features and functions	functions
animal	features and functions
senses	animal
inference	science
bias	inference
functions	life
environmental conditions	functions
sound	energy
genericprop	sound
carddirection	earth
properties of material	matter
durability	properties of material
human impacts	earth
res	human impacts
properties of material	matter
odor	properties of material
outer	earth
atmosphere	outer
carbon cycle	life
geo	earth
fossils	geo
reproduction	life
dna inheritance	reproduction
acquired	dna inheritance
functions	life
features and functions	functions
animal	features and functions
skeletal	animal
weather	earth
clouds	weather
earth	clouds
weather	earth
water cycle	weather
evapcond	water cycle
change of state	matter
freezing	change of state
reproduction	life
dna inheritance	reproduction
mutation	dna inheritance
classification	life
cycle	life
animal cycle	cycle
livingnonliving	life
waves	energy
freqwl	waves
weather	earth
extreme	weather
functions	life
features and functions	functions
plant	features and functions
reproduction	plant
seeddisp	reproduction
functions	life
features and functions	functions
plant	features and functions
transpir	plant
cycle	life
growth	cycle
def	growth
human impacts	earth
res	human impacts
fossilfuel	res
forms	energy
heat	forms
properties of material	matter
luster	properties of material
waves	energy
transfereng	waves
proc	saf
functions	life
features and functions	functions
cellbio	features and functions
struct	cellbio
nucleus	struct
sound	energy
amplitude	sound
properties of objects	matter
text	properties of objects
weather	earth
clouds	weather
functions	life
features and functions	functions
animal cell	features and functions
change of state	matter
temp	change of state
human impacts	earth
res	human impacts
hydro	res
sources	science
functions	life
funct	functions
plantess	funct
features	celestial
meteor	features
reproduction	life
dna inheritance	reproduction
gendrift	dna inheritance
environment and adaptation	life
animal adaptations	environment and adaptation
behav	animal adaptations
migr	behav
apparentmotion	celestial
cycle	life
animal cycle	cycle
bird	animal cycle
spaceex	celestial
human	spaceex
meastools	life
functions	life
features and functions	functions
animal	features and functions
muscular	animal
human impacts	earth
res	human impacts
soil	res
gravity	force
instruments	celestial
chem	matter
elements vs molecules and compounds	chem
human impacts	earth
res	human impacts
trees	res
thermal conductivity	energy
geo	earth
mineral	geo
formation	mineral
cycle	life
animal cycle	cycle
reptile	animal cycle
geo	earth
rock	geo
waves	energy
reflection	waves
properties of objects	matter
density	properties of objects
functions	life
features and functions	functions
inner	earth
cmc	inner
mantle	cmc
properties of objects	matter
features	celestial
blackhole	features
health	life
diesease	health
pandemicepidemic	diesease
cycle	life
growth	cycle
outer	earth
atmosphere	outer
earth	atmosphere
weather	earth
water	weather
elec	energy
generate	elec
reproduction	life
sexasex	reproduction
asex	sexasex
inference	science
samplesize	inference
interdependency	life
foodchain	interdependency
consumers	foodchain
measurement	matter
instruments	measurement
compass	instruments
weather	earth
jetstream	weather
interdependency	life
foodchain 	interdependency
functions	life
features and functions	functions
cellbio	features and functions
struct	cellbio
cellwall	struct
models	science
functions	life
features and functions	functions
cellbio	features and functions
reprod	cellbio
environment and adaptation	life
adap	environment and adaptation
animal	adap
measurement	matter
unit	measurement
human impacts	earth
res	human impacts
wind	res
measurement	matter
instruments	measurement
magnify	instruments
health	life
diesease	health
noninfect	diesease
sound	energy
echo	sound
extinction	life
massex	extinction
states	matter
liquid	states
tides	celestial
functions	life
features and functions	functions
cellbio	features and functions
org	cellbio
cells	org
devices	energy
heat form	devices
functions	life
features and functions	functions
cellbio	features and functions
org	cellbio
orgsystems	org
weather	earth
models	weather
geo	earth
mineral	geo
inference	science
inference 	inference
chem	matter
endoexo	chem
light	energy
refract	light
change of state	matter
evap	change of state
environment and adaptation	life
animal adaptations	environment and adaptation
struct	animal adaptations
human impacts	earth
what	human impacts
conserve	what
inference	science
steps	inference
cycle	life
plant  cycle	cycle
measurement	matter
unit	measurement
vol	unit
interdependency	life
relspecies	interdependency
functions	life
funct	functions
animaless	funct
nutrition	animaless
functions	life
features and functions	functions
animal	features and functions
inference	science
report	inference
weather	earth
measurement	weather
windspeed	measurement
forms	energy
work	force
interdependency	life
foodchain	interdependency
human impacts	earth
res	human impacts
solar	res
human impacts	earth
res	human impacts
water	res
elec	energy
cond	elec
features	celestial
planet	features
environment and adaptation	life
animal adaptations	environment and adaptation
struct	animal adaptations
senses	struct
environment and adaptation	life
plant	environment and adaptation
human impacts	earth
res	human impacts
coal	res
weather	earth
erosion	weather
weathering	erosion
states	matter
reproduction	life
sexasex	reproduction
sex	sexasex
functions	life
features and functions	functions
plant	features and functions
leaf	plant
measurement	matter
instruments	measurement
graduated	instruments
properties of material	matter
specificheat	properties of material
functions	life
features and functions	functions
cellbio	features and functions
geneexpr	cellbio
reproduction	life
forms	energy
elec	forms
functions	life
features and functions	functions
cellbio	features and functions
respir	cellbio
inner	earth
plate	inner
mountain form	plate
inner	earth
cmc	inner
core	cmc
functions	life
features and functions	functions
cellbio	features and functions
org	cellbio
organs	org
momentum	for
geo	earth
mineral	geo
ident	mineral
enveff	matter
temp	enveff
inner	earth
plate	inner
contdrift	plate
geo	earth
rock	geo
sed	rock
human impacts	earth
res	human impacts
geothermal	res
manufacture	other
instructions	other
thermal conductivity	energy
conduct	thermal conductivity
velocity	force
environment and adaptation	life
animal adaptations	environment and adaptation
struct	animal adaptations
defense	struct
reproduction	life
dna inheritance	reproduction
dna	dna inheritance
measurement	matter
instruments	measurement
therm	instruments
reproduction	life
dna inheritance	reproduction
selbreeding	dna inheritance
measurement	matter
unit	measurement
density	unit
functions	life
environmental response	functions
interdependency	life
popdyn	interdependency
measurement	matter
instruments	measurement
ruler	instruments
reproduction	life
competition	reproduction
conversion	energy
inefficiency	conversion
curiosity	other
human impacts	earth
what	human impacts
geo	earth
rock	geo
meta	rock
functions	life
features and functions	functions
animal	features and functions
immune	animal
human impacts	earth
what	human impacts
popdest	what
inference	science
testable	inference
functions	life
features and functions	functions
cellbio	features and functions
struct	cellbio
golgi	struct
geo	earth
history	geo
functions	life
features and functions	functions
animal	features and functions
feedback	animal
orbit	celestial
distances	celestial
units	distances
measurement	matter
instruments	measurement
