old-integral-calculus	math
fundamental-theorem-of-calculus-ic	old-integral-calculus
statistics-probability	math
random-variables-stats-library	statistics-probability
cc-fifth-grade-math	math
imp-place-value-and-decimals	cc-fifth-grade-math
calculus-2	math
cs2-differential-equations	calculus-2
algebra-home	math
alg-complex-numbers	algebra-home
algebra2	math
x2ec2f6f830c9fb89:rational	algebra2
chemistry	science
gases-and-kinetic-molecular-theory	chemistry
electrical-engineering	science
introduction-to-ee	electrical-engineering
electrical-engineering	science
ee-circuit-analysis-topic	electrical-engineering
in-in-class-2nd-math-cbse	math
x41ed04e12bec59cd:cc-2nd-measurement-data	in-in-class-2nd-math-cbse
algebra-basics	math
alg-basics-quadratics-and-polynomials	algebra-basics
pre-algebra	math
pre-algebra-factors-multiples	pre-algebra
in-in-class-7-math-india-icse	math
in-in-7-congruence-icse	in-in-class-7-math-india-icse
ap-biology	science
heredity	ap-biology
5th-engage-ny	math
engage-5th-module-1	5th-engage-ny
calculus-2	math
cs2-series	calculus-2
organic-chemistry	science
ochem-alpha-carbon-chemistry	organic-chemistry
arithmetic	math
arith-review-multiply-divide	arithmetic
geometry-home	math
cc-geometry-circles	geometry-home
high-school-biology	science
hs-ecology	high-school-biology
chemistry	science
chemical-reactions-stoichiome	chemistry
ap-calculus-bc	math
bc-differentiation-2-new	ap-calculus-bc
macroeconomics	economics-finance-domain
aggregate-supply-demand-topic	macroeconomics
calculus-1	math
cs1-limits-and-continuity	calculus-1
math3	math
x5549cc1686316ba5:poly-arithmetic	math3
in-in-class-3rd-math-cbse	math
x80b2f4aa70819288:equivalent-fractions-and-comparing-fractions	in-in-class-3rd-math-cbse
statistics-probability	math
counting-permutations-and-combinations	statistics-probability
biology	science
structure-of-a-cell	biology
algebra	math
x2f8bb11595b61c86:sequences	algebra
statistics-probability	math
confidence-intervals-one-sample	statistics-probability
ap-chemistry	science
thermodynamics-ap	ap-chemistry
4th-engage-ny	math
engage-4th-module-3	4th-engage-ny
cc-sixth-grade-math	math
cc-6th-expressions-and-variables	cc-sixth-grade-math
cc-fourth-grade-math	math
imp-measurement-and-data-2	cc-fourth-grade-math
5th-engage-ny	math
engage-5th-module-2	5th-engage-ny
organic-chemistry	science
bond-line-structures-alkanes-cycloalkanes	organic-chemistry
engageny-alg-1	math
alg1-module-4	engageny-alg-1
cc-fifth-grade-math	math
divide-decimals	cc-fifth-grade-math
ap-statistics	math
gathering-data-ap	ap-statistics
biology	science
cellular-respiration-and-fermentation	biology
macroeconomics	economics-finance-domain
macro-basic-economics-concepts	macroeconomics
arithmetic-home	math
arith-place-value	arithmetic-home
7th-grade-illustrative-math	math
unit-2-introducing-proportional-relationships	7th-grade-illustrative-math
4th-engage-ny	math
engage-4th-module-7	4th-engage-ny
algebra	math
x2f8bb11595b61c86:working-units	algebra
physics	science
centripetal-force-and-gravitation	physics
6th-engage-ny	math
engage-6th-module-5	6th-engage-ny
ap-statistics	math
probability-ap	ap-statistics
electrical-engineering	science
ee-electrostatics	electrical-engineering
3rd-engage-ny	math
engage-3rd-module-4	3rd-engage-ny
in-in-class-3rd-math-cbse	math
x80b2f4aa70819288:imp-fractions	in-in-class-3rd-math-cbse
math3	math
x5549cc1686316ba5:factorization	math3
health-and-medicine	science
advanced-endocrine-system	health-and-medicine
ap-statistics	math
summarizing-quantitative-data-ap	ap-statistics
engageny-alg-1	math
alg1-1	engageny-alg-1
ap-statistics	math
analyzing-categorical-ap	ap-statistics
macroeconomics	economics-finance-domain
macro-economic-indicators-and-the-business-cycle	macroeconomics
6th-grade-foundations-engageny	math
6th-m5-engage-ny-foundations	6th-grade-foundations-engageny
integral-calculus	math
ic-int-app	integral-calculus
math1	math
x89d82521517266d4:analytic-geo	math1
old-integral-calculus	math
convergence-tests-integral-calc	old-integral-calculus
integral-calculus	math
ic-series	integral-calculus
organic-chemistry	science
alcohols-ethers-epoxides-sulfides	organic-chemistry
ap-biology	science
natural-selection	ap-biology
physics	science
circuits-topic	physics
pre-algebra	math
pre-algebra-math-reasoning	pre-algebra
ap-chemistry	science
states-of-matter-and-intermolecular-forces-ap	ap-chemistry
ap-calculus-bc	math
bc-limits-new	ap-calculus-bc
statistics-probability	math
summarizing-quantitative-data	statistics-probability
geometry-home	math
analytic-geometry-topic	geometry-home
cc-seventh-grade-math	math
cc-7th-negative-numbers-add-and-subtract	cc-seventh-grade-math
calculus-2	math
cs2-parametric-equations-polar-coordinates-and-vector-valued-functions	calculus-2
in-in-class-7-math-kv	math
xb054af1c35872e64:in-in-7-kv-decimals	in-in-class-7-math-kv
ap-physics-1	science
ap-one-dimensional-motion	ap-physics-1
multivariable-calculus	math
thinking-about-multivariable-function	multivariable-calculus
precalculus	math
x9e81a4f98389efdf:prob-comb	precalculus
geometry-home	math
geometry-miscellaneous	geometry-home
ap-chemistry	science
buffers-titrations-solubility-equilibria-ap	ap-chemistry
6th-engage-ny	math
engage-6th-module-4	6th-engage-ny
health-and-medicine	science
circulatory-system	health-and-medicine
7th-grade-illustrative-math	math
unit-1-scale-drawings	7th-grade-illustrative-math
ap-biology	science
gene-expression-and-regulation	ap-biology
pre-algebra	math
pre-algebra-arith-prop	pre-algebra
math1	math
x89d82521517266d4:congruence	math1
ap-macroeconomics	economics-finance-domain
economic-iondicators-and-the-business-cycle	ap-macroeconomics
algebra-home	math
alg-radical-eq-func	algebra-home
algebra2	math
x2ec2f6f830c9fb89:trig	algebra2
algebra-home	math
alg-system-of-equations	algebra-home
biology	science
her	biology
algebra2	math
x2ec2f6f830c9fb89:poly-div	algebra2
old-ap-calculus-bc	math
bc-applications-derivatives	old-ap-calculus-bc
macroeconomics	economics-finance-domain
income-and-expenditure-topic	macroeconomics
class-6-math-kv	math
x7b7855a92fbbe94c:in-in-6-kv-knowing-our-numbers	class-6-math-kv
multivariable-calculus	math
greens-theorem-and-stokes-theorem	multivariable-calculus
7th-grade-illustrative-math	math
unit-4-proportional-relationships-and-percentages	7th-grade-illustrative-math
cc-seventh-grade-math	math
cc-7th-fractions-decimals	cc-seventh-grade-math
old-differential-calculus	math
derivative-applications-dc	old-differential-calculus
cc-sixth-grade-math	math
cc-6th-negative-number-topic	cc-sixth-grade-math
in-in-class-7-math-kv	math
xb054af1c35872e64:in-in-7-kv-fractions	in-in-class-7-math-kv
health-and-medicine	science
current-issues-in-health-and-medicine	health-and-medicine
in-in-class9th-physics-india	science
in-in-gravity	in-in-class9th-physics-india
in-in-class-12th-physics-india	science
moving-charges-and-magnetism	in-in-class-12th-physics-india
ap-biology	science
cell-structure-and-function	ap-biology
5th-grade-foundations-engageny	math
5th-m1-engage-ny-foundations	5th-grade-foundations-engageny
in-in-class-6-math-india-icse	math
in-in-6-linear-equations-in-one-variable-icse	in-in-class-6-math-india-icse
electrical-engineering	science
reverse-engin	electrical-engineering
health-and-medicine	science
gastrointestinal-system-diseases	health-and-medicine
ap-microeconomics	economics-finance-domain
ap-consumer-producer-surplus	ap-microeconomics
physics	science
discoveries	physics
calculus-all-old	math
taking-derivatives-calc	calculus-all-old
old-ap-calculus-ab	math
ab-accumulation-riemann-sums	old-ap-calculus-ab
in-in-class10th-physics	science
in-in-magnetic-effects-of-electric-current	in-in-class10th-physics
in-in-grade-11-ncert	math
in-in-class11-linear-inequalities	in-in-grade-11-ncert
health-and-medicine	science
executive-systems-of-the-brain	health-and-medicine
in-in-grade-12-ncert	math
in-in-differential-equations	in-in-grade-12-ncert
in-in-class-10-chemistry-india	science
x87dd2847d57ee419:in-in-chemical-reactions-and-equations	in-in-class-10-chemistry-india
engageny-geo	math
geo-1	engageny-geo
in-in-class-7-math-india-icse	math
in-in-7-perimeter-and-area-icse	in-in-class-7-math-india-icse
health-and-medicine	science
healthcare-misc	health-and-medicine
statistics-probability	math
analysis-of-variance-anova-library	statistics-probability
health-and-medicine	science
human-anatomy-and-physiology	health-and-medicine
in-in-class11th-physics	science
in-in-class11th-physics-vectors-prerequisite	in-in-class11th-physics
in-in-class-6-math-india-icse	math
in-in-6-ratio-and-proportion-icse	in-in-class-6-math-india-icse
engageny-alg2	math
alg2-1	engageny-alg2
cc-sixth-grade-math	math
cc-6th-factors-and-multiples	cc-sixth-grade-math
in-in-grade-12-ncert	math
in-in-definite-integrals	in-in-grade-12-ncert
ap-macroeconomics	economics-finance-domain
ap-long-run-consequences-of-stabilization-policies	ap-macroeconomics
8th-engage-ny	math
engage-8th-module-7	8th-engage-ny
cc-fourth-grade-math	math
imp-geometry-2	cc-fourth-grade-math
old-ap-calculus-ab	math
ab-derivative-rules	old-ap-calculus-ab
algebra-home	math
alg-modeling	algebra-home
in-in-class11th-physics	science
in-in-11th-physics-oscillations	in-in-class11th-physics
ap-physics-1	science
ap-torque-angular-momentum	ap-physics-1
ap-biology	science
worked-examples-ap-biology	ap-biology
class-10-biology	science
in-in-life-processes	class-10-biology
trigonometry	math
unit-circle-trig-func	trigonometry
ap-statistics	math
estimating-confidence-ap	ap-statistics
old-ap-calculus-ab	math
ab-applications-definite-integrals	old-ap-calculus-ab
6th-grade-illustrative-math	math
unit-1-area-and-surface-area	6th-grade-illustrative-math
biology	science
photosynthesis-in-plants	biology
in-in-grade-11-ncert	math
in-in-sequence-and-series	in-in-grade-11-ncert
algebra	math
x2f8bb11595b61c86:functions	algebra
algebra-home	math
alg-basic-eq-ineq	algebra-home
algebra2	math
x2ec2f6f830c9fb89:exp-model	algebra2
in-in-class11th-physics	science
in-in-phy-gravitation	in-in-class11th-physics
old-ap-calculus-bc	math
bc-limits-continuity	old-ap-calculus-bc
biology	science
biodiversity-and-conservation	biology
in-in-class-3rd-math-cbse	math
x80b2f4aa70819288:time	in-in-class-3rd-math-cbse
in-in-class-3rd-math-cbse	math
x80b2f4aa70819288:imp-addition-and-subtraction	in-in-class-3rd-math-cbse
ap-biology	science
chemistry-of-life	ap-biology
math2	math
xe2ae2386aa2e13d6:quad-2	math2
electrical-engineering	science
lego-robotics	electrical-engineering
cc-seventh-grade-math	math
cc-7th-geometry	cc-seventh-grade-math
ap-physics-1	science
ap-forces-newtons-laws	ap-physics-1
math2	math
xe2ae2386aa2e13d6:rational-exp	math2
geometry-home	math
geometry-angles	geometry-home
in-in-class-7-math-india-icse	math
in-in-7-fractions-icse	in-in-class-7-math-india-icse
cc-fifth-grade-math	math
imp-addition-and-subtraction-3	cc-fifth-grade-math
high-school-biology	science
hs-human-body-systems	high-school-biology
engageny-geo	math
geo-2	engageny-geo
cc-eighth-grade-math	math
cc-8th-linear-equations-functions	cc-eighth-grade-math
cc-eighth-grade-math	math
cc-8th-geometry	cc-eighth-grade-math
algebra	math
x2f8bb11595b61c86:quadratics-multiplying-factoring	algebra
ap-physics-2	science
ap-fluids	ap-physics-2
precalculus	math
x9e81a4f98389efdf:vectors	precalculus
math2	math
xe2ae2386aa2e13d6:abs-value	math2
5th-grade-foundations-engageny	math
5th-m3-engage-ny-foundations	5th-grade-foundations-engageny
multivariable-calculus	math
applications-of-multivariable-derivatives	multivariable-calculus
math2	math
xe2ae2386aa2e13d6:prob	math2
old-ap-calculus-ab	math
ab-derivatives-advanced	old-ap-calculus-ab
biology	science
crash-course-bio-ecology	biology
4th-grade-foundations-engageny	math
4th-m5-engage-ny-foundations	4th-grade-foundations-engageny
in-in-grade-12-ncert	math
in-in-continuity-differentiability	in-in-grade-12-ncert
health-and-medicine	science
infectious-diseases	health-and-medicine
ap-calculus-ab	math
ab-solved-exams-new	ap-calculus-ab
ap-physics-2	science
ap-geometric-optics	ap-physics-2
in-in-class-3rd-math-cbse	math
x80b2f4aa70819288:imp-geometry	in-in-class-3rd-math-cbse
old-integral-calculus	math
definite-integrals-intro-ic	old-integral-calculus
biology	science
cellular-molecular-biology	biology
math3	math
x5549cc1686316ba5:poly-graphs	math3
in-in-class10th-physics	science
in-in-the-human-eye-and-the-colourful-world	in-in-class10th-physics
math2	math
xe2ae2386aa2e13d6:solids	math2
high-school-biology	science
hs-biology-foundations	high-school-biology
physics	science
review-for-ap-physics-1-exam	physics
chemistry	science
acids-and-bases-topic	chemistry
engageny-geo	math
geo-5	engageny-geo
algebra-home	math
alg-polynomials	algebra-home
7th-grade-foundations-engageny	math
7th-m4-engage-ny-foundations	7th-grade-foundations-engageny
electrical-engineering	science
ee-signals	electrical-engineering
in-in-class11th-physics	science
in-in-11th-physics-waves	in-in-class11th-physics
8th-grade-foundations-engageny	math
8th-m5-engage-ny-foundations	8th-grade-foundations-engageny
old-ap-calculus-bc	math
bc-derivative-rules	old-ap-calculus-bc
in-in-grade-12-ncert	math
in-in-integrals	in-in-grade-12-ncert
organic-chemistry	science
stereochemistry-topic	organic-chemistry
health-and-medicine	science
advanced-hematologic-system	health-and-medicine
in-in-grade-11-ncert	math
in-in-class11-derivatives	in-in-grade-11-ncert
cc-seventh-grade-math	math
cc-7th-variables-expressions	cc-seventh-grade-math
in-in-class-6-math-india-icse	math
numbers1	in-in-class-6-math-india-icse
biology	science
ecology	biology
geometry	math
hs-geo-transformations	geometry
algebra	math
x2f8bb11595b61c86:inequalities-systems-graphs	algebra
statistics-probability	math
significance-tests-confidence-intervals-two-samples	statistics-probability
cc-fourth-grade-math	math
imp-fractions-2	cc-fourth-grade-math
old-integral-calculus	math
indefinite-integrals	old-integral-calculus
ap-statistics	math
quantitative-data-ap	ap-statistics
cc-third-grade-math	math
imp-fractions	cc-third-grade-math
8th-engage-ny	math
engage-8th-module-6	8th-engage-ny
5th-engage-ny	math
engage-5th-module-4	5th-engage-ny
physics	science
two-dimensional-motion	physics
in-in-grade-11-ncert	math
in-in-class11-conic-sections	in-in-grade-11-ncert
ap-microeconomics	economics-finance-domain
production-cost-and-the-perfect-competition-model-temporary	ap-microeconomics
statistics-probability	math
sampling-distributions-library	statistics-probability
geometry-home	math
transformations	geometry-home
6th-grade-illustrative-math	math
unit-6-expressions-and-equations	6th-grade-illustrative-math
in-in-grade-11-ncert	math
in-in-exponential-and-logarithmic-functions	in-in-grade-11-ncert
ap-microeconomics	economics-finance-domain
unit-2-supply-and-demnd	ap-microeconomics
arithmetic-home	math
negative-numbers	arithmetic-home
health-and-medicine	science
respiratory-system-diseases	health-and-medicine
in-in-class11th-physics	science
in-in-class11th-physics-basic-math-concepts-for-physics-prerequisite	in-in-class11th-physics
cc-eighth-grade-math	math
cc-8th-numbers-operations	cc-eighth-grade-math
chemistry	science
periodic-table	chemistry
microeconomics	economics-finance-domain
basic-economic-concepts-gen-micro	microeconomics
in-in-class-3rd-math-cbse	math
x80b2f4aa70819288:arithmetic-patterns-and-problem-solving	in-in-class-3rd-math-cbse
algebra-home	math
alg-trig-functions	algebra-home
biology	science
energy-and-enzymes	biology
differential-equations	math
laplace-transform	differential-equations
algebra-home	math
alg-matrices	algebra-home
in-in-grade-12-ncert	math
in-in-vector-algebra	in-in-grade-12-ncert
linear-algebra	math
matrix-transformations	linear-algebra
ap-microeconomics	economics-finance-domain
imperfect-competition	ap-microeconomics
statistics-probability	math
significance-tests-one-sample	statistics-probability
old-ap-calculus-ab	math
ab-solved-exams	old-ap-calculus-ab
in-in-class-7-math-india-icse	math
in-in-7-simple-linear-equations-in-one-variable-icse	in-in-class-7-math-india-icse
ap-microeconomics	economics-finance-domain
basic-economic-concepts	ap-microeconomics
in-in-class-6-math-india-icse	math
in-in-6-fractions-icse	in-in-class-6-math-india-icse
algebra2	math
x2ec2f6f830c9fb89:exp	algebra2
cc-sixth-grade-math	math
cc-6th-ratios-prop-topic	cc-sixth-grade-math
physics	science
quantum-physics	physics
health-and-medicine	science
lab-values	health-and-medicine
in-in-class-12th-physics-india	science
in-in-electrostatic-potential-and-capacitance	in-in-class-12th-physics-india
ap-chemistry	science
stoichiometry-and-molecular-composition-ap	ap-chemistry
cc-fifth-grade-math	math
imp-fractions-3	cc-fifth-grade-math
ap-calculus-ab	math
ab-diff-contextual-applications-new	ap-calculus-ab
high-school-biology	science
hs-reproduction-and-cell-division	high-school-biology
arithmetic-home	math
multiply-divide	arithmetic-home
8th-grade-illustrative-math	math
unit-8-pythagorean-theorem-and-irrational-numbers	8th-grade-illustrative-math
old-ap-calculus-bc	math
bc-series	old-ap-calculus-bc
7th-grade-illustrative-math	math
unit-5-rational-number-arithmetic	7th-grade-illustrative-math
early-math	math
cc-early-math-add-sub-20	early-math
in-in-grade-11-ncert	math
in-in-playing-with-graphs-of-functions	in-in-grade-11-ncert
ap-calculus-ab	math
ab-limits-new	ap-calculus-ab
old-ap-calculus-bc	math
bc-derivatives-advanced	old-ap-calculus-bc
physics	science
linear-momentum	physics
biology	science
dna-as-the-genetic-material	biology
pre-algebra	math
pre-algebra-ratios-rates	pre-algebra
physics	science
light-waves	physics
old-ap-calculus-bc	math
bc-antiderivatives-ftc	old-ap-calculus-bc
ap-physics-1	science
ap-centripetal-force-and-gravitation	ap-physics-1
calculus-1	math
cs1-derivatives-definition-and-basic-rules	calculus-1
old-ap-calculus-ab	math
ab-limits-continuity	old-ap-calculus-ab
6th-engage-ny	math
engage-6th-module-3	6th-engage-ny
biology	science
history-of-life-on-earth	biology
calculus-all-old	math
integration-applications-calc	calculus-all-old
chemistry	science
oxidation-reduction	chemistry
statistics-probability	math
analyzing-categorical-data	statistics-probability
biology	science
water-acids-and-bases	biology
algebra-basics	math
basic-alg-foundations	algebra-basics
algebra-home	math
alg-sequences	algebra-home
ap-physics-1	science
ap-mechanical-waves-and-sound	ap-physics-1
cc-seventh-grade-math	math
cc-7th-ratio-proportion	cc-seventh-grade-math
physics	science
one-dimensional-motion	physics
algebra	math
x2f8bb11595b61c86:absolute-value-piecewise-functions	algebra
in-in-class-3rd-math-cbse	math
x80b2f4aa70819288:represent-and-interpret-data	in-in-class-3rd-math-cbse
physics	science
work-and-energy	physics
organic-chemistry	science
substitution-elimination-reactions	organic-chemistry
ap-statistics	math
inference-slope-linear-regression	ap-statistics
7th-engage-ny	math
engage-7th-module-2	7th-engage-ny
organic-chemistry	science
aromatic-compounds	organic-chemistry
geometry	math
hs-geo-foundations	geometry
arithmetic	math
arith-review-add-subtract	arithmetic
engageny-alg2	math
alg2-3	engageny-alg2
chemistry	science
acid-base-equilibrium	chemistry
in-in-class11th-physics	science
in-in-phy-kinetic-theory	in-in-class11th-physics
cosmology-and-astronomy	science
life-earth-universe	cosmology-and-astronomy
geometry-home	math
triangle-properties	geometry-home
ap-calculus-ab	math
ab-diff-analytical-applications-new	ap-calculus-ab
in-in-class-7-math-india-icse	math
in-in-7-ratio-proportion-and-unitary-method-icse	in-in-class-7-math-india-icse
organic-chemistry	science
aldehydes-ketones	organic-chemistry
statistics-probability	math
inference-categorical-data-chi-square-tests	statistics-probability
class-6-math-kv	math
x7b7855a92fbbe94c:in-in-6-kv-playing-with-numbers	class-6-math-kv
cc-fourth-grade-math	math
division	cc-fourth-grade-math
in-in-class9th-physics-india	science
in-in-motion	in-in-class9th-physics-india
7th-engage-ny	math
engage-7th-module-1	7th-engage-ny
geometry	math
hs-geo-congruence	geometry
algebra-basics	math
alg-basics-systems-of-equations	algebra-basics
geometry-home	math
geometry-lines	geometry-home
in-in-class-3rd-math-cbse	math
x80b2f4aa70819288:3rd-perimeter	in-in-class-3rd-math-cbse
cc-fourth-grade-math	math
imp-decimals	cc-fourth-grade-math
health-and-medicine	science
mental-health	health-and-medicine
engageny-precalc	math
precalc-4	engageny-precalc
old-integral-calculus	math
integration-techniques	old-integral-calculus
in-in-grade-11-ncert	math
in-in-class11-straight-lines	in-in-grade-11-ncert
in-in-class-8-math-india-hindi	math
in-in-8-algebraic-expressions-and-identities-hindi	in-in-class-8-math-india-hindi
algebra-home	math
alg-series-and-induction	algebra-home
calculus-all-old	math
derivative-applications-calc	calculus-all-old
7th-grade-foundations-engageny	math
7th-m5-engage-ny-foundations	7th-grade-foundations-engageny
8th-engage-ny	math
engage-8th-module-5	8th-engage-ny
calculus-all-old	math
series-calc	calculus-all-old
algebra-basics	math
alg-basics-equations-and-geometry	algebra-basics
differential-calculus	math
dc-diff-intro	differential-calculus
ap-chemistry	science
periodic-table-ap	ap-chemistry
4th-engage-ny	math
engage-4th-module-6	4th-engage-ny
old-differential-calculus	math
basic-differentiation-dc	old-differential-calculus
ap-microeconomics	economics-finance-domain
factor-markets	ap-microeconomics
high-school-biology	science
hs-cells	high-school-biology
algebra	math
x2f8bb11595b61c86:foundation-algebra	algebra
in-in-class-7-math-india-icse	math
in-in-7-exponents-and-powers-icse	in-in-class-7-math-india-icse
physics	science
thermodynamics	physics
in-in-class-7-math-india-icse	math
in-in-7-symmetry-icse	in-in-class-7-math-india-icse
ap-statistics	math
sampling-distribution-ap	ap-statistics
algebra2	math
x2ec2f6f830c9fb89:poly-factor	algebra2
arithmetic-home	math
addition-subtraction	arithmetic-home
organic-chemistry	science
carboxylic-acids-derivatives	organic-chemistry
in-in-class-5th-math-cbse	math
x91a8f6d2871c8046:multi-digit-multiplication-and-division	in-in-class-5th-math-cbse
arithmetic	math
fraction-arithmetic	arithmetic
algebra2	math
x2ec2f6f830c9fb89:logs	algebra2
math-for-fun-and-glory	math
math-warmup	math-for-fun-and-glory
cc-third-grade-math	math
imp-addition-and-subtraction	cc-third-grade-math
in-in-class-2nd-math-cbse	math
x41ed04e12bec59cd:cc-2nd-add-subtract-1000	in-in-class-2nd-math-cbse
macroeconomics	economics-finance-domain
monetary-system-topic	macroeconomics
7th-engage-ny	math
engage-7th-module-6	7th-engage-ny
macroeconomics	economics-finance-domain
forex-trade-topic	macroeconomics
algebra	math
x2f8bb11595b61c86:forms-of-linear-equations	algebra
pre-algebra	math
pre-algebra-equations-expressions	pre-algebra
in-in-class-1st-math-cbse	math
xdedfdde82b722757:cc-1st-measurement-geometry	in-in-class-1st-math-cbse
geometry-home	math
geometry-volume-surface-area	geometry-home
in-in-grade-12-ncert	math
in-in-relations-functions	in-in-grade-12-ncert
linear-algebra	math
alternate-bases	linear-algebra
physics	science
geometric-optics	physics
statistics-probability	math
probability-library	statistics-probability
in-in-class-6-math-india-icse	math
in-in-6-perimeter-and-area-icse	in-in-class-6-math-india-icse
in-in-class9th-physics-india	science
in-in-work-energy	in-in-class9th-physics-india
in-in-class-12th-physics-india	science
nuclei	in-in-class-12th-physics-india
in-in-class11th-physics	science
in-in-11th-physics-units-and-measurement	in-in-class11th-physics
biology	science
human-biology	biology
differential-equations	math
first-order-differential-equations	differential-equations
chemistry	science
atomic-structure-and-properties	chemistry
organic-chemistry	science
spectroscopy-jay	organic-chemistry
cosmology-and-astronomy	science
universe-scale-topic	cosmology-and-astronomy
early-math	math
cc-early-math-add-sub-100	early-math
in-in-class-7-math-india-icse	math
in-in-7-linear-inequalities-icse	in-in-class-7-math-india-icse
multivariable-calculus	math
multivariable-derivatives	multivariable-calculus
physics	science
magnetic-forces-and-magnetic-fields	physics
in-in-class-12th-physics-india	science
in-in-electromagnetic-induction	in-in-class-12th-physics-india
in-in-class-7-math-india-icse	math
in-in-7-pair-of-angles-icse	in-in-class-7-math-india-icse
precalculus	math
x9e81a4f98389efdf:complex	precalculus
algebra-home	math
alg-rational-expr-eq-func	algebra-home
6th-grade-illustrative-math	math
unit-8-data-sets-and-distribution	6th-grade-illustrative-math
basic-geo	math
basic-geometry-shapes	basic-geo
ap-calculus-bc	math
bc-diff-contextual-applications-new	ap-calculus-bc
in-in-class11th-physics	science
in-in-class11th-physics-laws-of-motion	in-in-class11th-physics
engageny-geo	math
geo-3	engageny-geo
ap-calculus-bc	math
bc-advanced-functions-new	ap-calculus-bc
physics	science
special-relativity	physics
math3	math
x5549cc1686316ba5:poly-div	math3
engageny-precalc	math
precalc-3	engageny-precalc
cc-fourth-grade-math	math
comparing-fractions-and-equivalent-fractions	cc-fourth-grade-math
ap-statistics	math
two-sample-inference	ap-statistics
in-in-class11th-physics	science
in-in-class11th-physics-motion-in-a-straight-line	in-in-class11th-physics
old-ap-calculus-bc	math
bc-solved-exams	old-ap-calculus-bc
integral-calculus	math
ic-integration	integral-calculus
math1	math
x89d82521517266d4:exp-rad	math1
health-and-medicine	science
nervous-system-and-sensory-infor	health-and-medicine
calculus-all-old	math
limits-and-continuity-calc	calculus-all-old
health-and-medicine	science
circulatory-system-diseases	health-and-medicine
geometry-home	math
geometry-coordinate-plane	geometry-home
ap-chemistry	science
chemical-reactions-ap	ap-chemistry
in-in-class10th-physics	science
in-in-electricity	in-in-class10th-physics
in-in-class11th-physics	science
in-in-class11th-physics-work-energy-and-power	in-in-class11th-physics
cc-third-grade-math	math
intro-to-division	cc-third-grade-math
in-in-class-6-math-india-icse	math
in-in-6-addition-and-subtraction-of-negative-numbers-icse	in-in-class-6-math-india-icse
math1	math
x89d82521517266d4:exp-func	math1
ap-macroeconomics	economics-finance-domain
ap-financial-sector	ap-macroeconomics
arithmetic	math
arith-decimals	arithmetic
arithmetic-home	math
arith-review-fractions	arithmetic-home
basic-geo	math
basic-geo-angle	basic-geo
math2	math
xe2ae2386aa2e13d6:quad-1	math2
organic-chemistry	science
gen-chem-review	organic-chemistry
math1	math
x89d82521517266d4:algebra-foundation	math1
precalculus	math
x9e81a4f98389efdf:polynomials	precalculus
7th-grade-illustrative-math	math
unit-8-probability-and-sampling	7th-grade-illustrative-math
organic-chemistry	science
organic-structures	organic-chemistry
health-and-medicine	science
hematologic-system-diseases-2	health-and-medicine
macroeconomics	economics-finance-domain
macro-long-run-consequences-of-stabilization-policies	macroeconomics
pre-algebra	math
pre-algebra-exponents-radicals	pre-algebra
precalculus	math
x9e81a4f98389efdf:conics	precalculus
ap-physics-2	science
ap-2-electric-charge-electric-force-and-voltage	ap-physics-2
algebra-basics	math
alg-basics-expressions-with-exponents	algebra-basics
ap-statistics	math
bivariate-data-ap	ap-statistics
ap-chemistry	science
studying-for-ap-chemistry-exam-class	ap-chemistry
algebra-basics	math
alg-basics-linear-equations-and-inequalities	algebra-basics
in-in-class-8-math-kv	math
x5be9efc581e83596:in-in-8-kv-linear-equations-in-one-variable	in-in-class-8-math-kv
ap-statistics	math
tests-significance-ap	ap-statistics
in-in-class11th-physics	science
in-in-system-of-particles-and-rotational-motion	in-in-class11th-physics
algebra	math
x2f8bb11595b61c86:exponential-growth-decay	algebra
cc-kindergarten-math	math
cc-kindergarten-add-subtract	cc-kindergarten-math
chemistry	science
chem-kinetics	chemistry
microeconomics	economics-finance-domain
consumer-producer-surplus	microeconomics
calculus-1	math
cs1-integrals	calculus-1
ap-physics-1	science
ap-work-and-energy	ap-physics-1
algebra-home	math
alg-functions	algebra-home
ap-statistics	math
density-curves-normal-distribution-ap	ap-statistics
math2	math
xe2ae2386aa2e13d6:circles	math2
4th-engage-ny	math
engage-4th-module-5	4th-engage-ny
math3	math
x5549cc1686316ba5:transformations	math3
math-for-fun-and-glory	math
puzzles	math-for-fun-and-glory
8th-engage-ny	math
engage-8th-module-1	8th-engage-ny
cc-sixth-grade-math	math
cc-6th-equations-and-inequalities	cc-sixth-grade-math
old-ap-calculus-ab	math
ab-existence-theorems	old-ap-calculus-ab
math1	math
x89d82521517266d4:two-var-eq	math1
ap-physics-2	science
ap-thermodynamics	ap-physics-2
math-for-fun-and-glory	math
aime	math-for-fun-and-glory
ap-chemistry	science
kinetics-ap	ap-chemistry
physics	science
electric-charge-electric-force-and-voltage	physics
7th-grade-illustrative-math	math
unit-6-expressions-equations-and-inequalities	7th-grade-illustrative-math
calculus-2	math
cs2-integration-techniques	calculus-2
microeconomics	economics-finance-domain
firm-economic-profit	microeconomics
in-in-class-9-math-kv	math
xab8772e5b9da7f89:in-in-8-kv-number-systems	in-in-class-9-math-kv
arithmetic	math
arith-review-negative-numbers	arithmetic
biology	science
properties-of-carbon	biology
in-in-class-4th-math-cbse	math
x37a2a840963ae149:imp-place-value-and-rounding-2	in-in-class-4th-math-cbse
trigonometry	math
trig-equations-and-identities	trigonometry
old-ap-calculus-bc	math
bc-diff-equations	old-ap-calculus-bc
ap-calculus-ab	math
ab-applications-of-integration-new	ap-calculus-ab
geometry	math
hs-geo-trig	geometry
ap-statistics	math
random-variables-ap	ap-statistics
cc-2nd-grade-math	math
cc-2nd-add-subtract-100	cc-2nd-grade-math
cc-eighth-grade-math	math
cc-8th-systems-topic	cc-eighth-grade-math
biology	science
macromolecules	biology
calculus-1	math
cs1-applications-of-integrals	calculus-1
in-in-grade-11-ncert	math
in-in-class11-relations-and-functions	in-in-grade-11-ncert
linear-algebra	math
vectors-and-spaces	linear-algebra
early-math	math
cc-early-math-add-sub-1000	early-math
ab-sixth-grade-math	math
shape-space	ab-sixth-grade-math
old-differential-calculus	math
limits-from-equations-dc	old-differential-calculus
cc-fifth-grade-math	math
multi-digit-multiplication-and-division	cc-fifth-grade-math
6th-engage-ny	math
engage-6th-module-2	6th-engage-ny
ap-biology	science
cell-communication-and-cell-cycle	ap-biology
in-in-grade-12-ncert	math
in-in-determinants	in-in-grade-12-ncert
cc-fifth-grade-math	math
powers-of-ten	cc-fifth-grade-math
in-in-class-4th-math-cbse	math
x37a2a840963ae149:division	in-in-class-4th-math-cbse
algebra2	math
x2ec2f6f830c9fb89:poly-arithmetic	algebra2
high-school-biology	science
hs-evolution	high-school-biology
algebra2	math
x2ec2f6f830c9fb89:poly-graphs	algebra2
in-in-class9th-physics-india	science
in-in-force-laws-of-motion	in-in-class9th-physics-india
5th-engage-ny	math
engage-5th-module-6	5th-engage-ny
cc-eighth-grade-math	math
geometric-transformations	cc-eighth-grade-math
high-school-biology	science
hs-energy-and-transport	high-school-biology
cosmology-and-astronomy	science
stellar-life-topic	cosmology-and-astronomy
ap-calculus-ab	math
ab-differentiation-1-new	ap-calculus-ab
electrical-engineering	science
robots	electrical-engineering
algebra-home	math
alg-intro-to-algebra	algebra-home
in-in-grade-12-ncert	math
in-in-matrices	in-in-grade-12-ncert
statistics-probability	math
designing-studies	statistics-probability
6th-grade-illustrative-math	math
unit-3-unit-rates-and-percentages	6th-grade-illustrative-math
health-and-medicine	science
endocrine-system-diseases	health-and-medicine
electrical-engineering	science
ee-amplifiers	electrical-engineering
in-in-class-12th-physics-india	science
in-in-current-electricity	in-in-class-12th-physics-india
cc-sixth-grade-math	math
cc-6th-arithmetic-operations	cc-sixth-grade-math
algebra-home	math
alg-exp-and-log	algebra-home
ap-macroeconomics	economics-finance-domain
national-income-and-price-determinations	ap-macroeconomics
statistics-probability	math
describing-relationships-quantitative-data	statistics-probability
ap-biology	science
ecology-ap	ap-biology
biology	science
membranes-and-transport	biology
algebra2	math
x2ec2f6f830c9fb89:modeling	algebra2
cc-kindergarten-math	math
cc-kindergarten-counting	cc-kindergarten-math
macroeconomics	economics-finance-domain
macroeconomics-income-inequality	macroeconomics
algebra	math
x2f8bb11595b61c86:linear-equations-graphs	algebra
health-and-medicine	science
nervous-system-diseases	health-and-medicine
in-in-class-2nd-math-cbse	math
x41ed04e12bec59cd:cc-2nd-add-subtract-100	in-in-class-2nd-math-cbse
ap-calculus-bc	math
bc-differentiation-1-new	ap-calculus-bc
algebra	math
x2f8bb11595b61c86:quadratic-functions-equations	algebra
pre-algebra	math
pre-algebra-fractions	pre-algebra
ap-chemistry	science
chemical-equilibrium-ap	ap-chemistry
5th-engage-ny	math
engage-5th-module-3	5th-engage-ny
calculus-1	math
cs1-derivatives-chain-rule-and-other-advanced-topics	calculus-1
engageny-alg-1	math
alg1-2	engageny-alg-1
8th-grade-illustrative-math	math
unit-4-linear-equations-and-linear-systems	8th-grade-illustrative-math
8th-engage-ny	math
engage-8th-module-4	8th-engage-ny
ap-calculus-bc	math
bc-applications-of-integration-new	ap-calculus-bc
chemistry	science
thermodynamics-chemistry	chemistry
trigonometry	math
trigonometry-right-triangles	trigonometry
ap-biology	science
cellular-energetics	ap-biology
health-and-medicine	science
health-care-system	health-and-medicine
in-in-grade-11-ncert	math
in-in-class11-complex-numbers	in-in-grade-11-ncert
ap-chemistry	science
electronic-structure-of-atoms-ap	ap-chemistry
engageny-precalc	math
precalc-5	engageny-precalc
old-ap-calculus-bc	math
bc-derivatives-analyze-functions	old-ap-calculus-bc
physics	science
forces-newtons-laws	physics
statistics-probability	math
modeling-distributions-of-data	statistics-probability
microeconomics	economics-finance-domain
supply-demand-equilibrium	microeconomics
in-in-class-7-math-kv	math
xb054af1c35872e64:in-in-7-kv-integers	in-in-class-7-math-kv
3rd-engage-ny	math
engage-3rd-module-2	3rd-engage-ny
in-in-class-6-math-india-icse	math
in-in-6-decimals-icse	in-in-class-6-math-india-icse
8th-grade-illustrative-math	math
unit-3-linear-relationships	8th-grade-illustrative-math
basic-geo	math
basic-geo-transformations-congruence	basic-geo
integral-calculus	math
ic-adv-funcs	integral-calculus
algebra-basics	math
alg-basics-graphing-lines-and-slope	algebra-basics
in-in-grade-12-ncert	math
in-in-advanced-differentiation-two	in-in-grade-12-ncert
ab-sixth-grade-math	math
ab-patterns-relations	ab-sixth-grade-math
engageny-alg-1	math
alg1-3	engageny-alg-1
in-in-class-4th-math-cbse	math
x37a2a840963ae149:imp-addition-and-subtraction-2	in-in-class-4th-math-cbse
in-in-class-5th-math-cbse	math
x91a8f6d2871c8046:imp-place-value-and-decimals	in-in-class-5th-math-cbse
differential-calculus	math
dc-chain	differential-calculus
cc-sixth-grade-math	math
cc-6th-geometry-topic	cc-sixth-grade-math
cc-fourth-grade-math	math
4th-multiply-fractions	cc-fourth-grade-math
precalculus	math
x9e81a4f98389efdf:matrices	precalculus
in-in-class-1st-math-cbse	math
xdedfdde82b722757:cc-1st-add-subtract	in-in-class-1st-math-cbse
health-and-medicine	science
muscular-skeletal-diseases	health-and-medicine
in-in-class10th-physics	science
in-in-10th-physics-light-reflection-refraction	in-in-class10th-physics
chemistry	science
states-of-matter-and-intermolecular-forces	chemistry
microeconomics	economics-finance-domain
elasticity-tutorial	microeconomics
ap-calculus-bc	math
bc-series-new	ap-calculus-bc
microeconomics	economics-finance-domain
choices-opp-cost-tutorial	microeconomics
ap-calculus-bc	math
bc-integration-new	ap-calculus-bc
algebra-home	math
alg-quadratics	algebra-home
in-in-grade-12-ncert	math
in-in-probability-of-events	in-in-grade-12-ncert
7th-engage-ny	math
engage-7th-module-4	7th-engage-ny
statistics-probability	math
advanced-regression-inference-transforming	statistics-probability
physics	science
mechanical-waves-and-sound	physics
in-in-grade-11-ncert	math
in-in-class11-limits	in-in-grade-11-ncert
in-in-class11th-physics	science
in-in-11th-physics-differentiation	in-in-class11th-physics
math-for-fun-and-glory	math
vi-hart	math-for-fun-and-glory
cosmology-and-astronomy	science
earth-history-topic	cosmology-and-astronomy
3rd-engage-ny	math
engage-3rd-module-5	3rd-engage-ny
4th-engage-ny	math
engage-4th-module-2	4th-engage-ny
health-and-medicine	science
respiratory-system	health-and-medicine
ap-chemistry	science
redox-reactions-and-electrochemistry-ap	ap-chemistry
algebra2	math
x2ec2f6f830c9fb89:eq	algebra2
8th-engage-ny	math
engage-8th-module-2	8th-engage-ny
algebra2	math
x2ec2f6f830c9fb89:transformations	algebra2
algebra	math
x2f8bb11595b61c86:solve-equations-inequalities	algebra
organic-chemistry	science
alkenes-alkynes	organic-chemistry
ap-chemistry	science
chemical-bonds-ap	ap-chemistry
old-integral-calculus	math
riemann-sums-ic	old-integral-calculus
old-differential-calculus	math
derivative-intro-dc	old-differential-calculus
early-math	math
cc-early-math-add-sub-basics	early-math
algebra-home	math
alg-conic-sections	algebra-home
differential-equations	math
second-order-differential-equations	differential-equations
in-in-class11th-physics	science
in-in-class11th-physics-motion-in-a-plane	in-in-class11th-physics
ap-macroeconomics	economics-finance-domain
ap-open-economy-international-trade-and-finance	ap-macroeconomics
math-for-fun-and-glory	math
amc-10	math-for-fun-and-glory
cc-fifth-grade-math	math
imp-algebraic-thinking	cc-fifth-grade-math
algebra-home	math
alg-vectors	algebra-home
old-integral-calculus	math
area-and-arc-length-ic	old-integral-calculus
5th-grade-foundations-engageny	math
5th-m4-engage-ny-foundations	5th-grade-foundations-engageny
math1	math
x89d82521517266d4:functions	math1
multivariable-calculus	math
integrating-multivariable-functions	multivariable-calculus
math1	math
x89d82521517266d4:systems	math1
8th-grade-foundations-engageny	math
8th-m4-engage-ny-foundations	8th-grade-foundations-engageny
organic-chemistry	science
conjugation-diels-alder-mo-theory	organic-chemistry
in-in-class11th-physics	science
in-in-class11th-physics-fluids	in-in-class11th-physics
algebra-home	math
alg-absolute-value	algebra-home
math3	math
x5549cc1686316ba5:equations	math3
algebra-home	math
alg-linear-eq-func	algebra-home
calculus-all-old	math
ap-calc-topic	calculus-all-old
chemistry	science
chemical-bonds	chemistry
algebra	math
x2f8bb11595b61c86:systems-of-equations	algebra
in-in-class-10-chemistry-india	science
x87dd2847d57ee419:in-in-acids-bases-and-salts	in-in-class-10-chemistry-india
engageny-alg2	math
alg2-4	engageny-alg2
in-in-class-4th-math-cbse	math
x37a2a840963ae149:imp-decimals	in-in-class-4th-math-cbse
pre-algebra	math
pre-algebra-measurement	pre-algebra
